<?xml version="1.0" encoding="UTF-8"?>
<project-private xmlns="http://www.netbeans.org/ns/project-private/1">
    <editor-bookmarks xmlns="http://www.netbeans.org/ns/editor-bookmarks/2" lastBookmarkId="0"/>
    <open-files xmlns="http://www.netbeans.org/ns/projectui-open-files/2">
        <group>
            <file>file:/D:/Users/Documents/NetBeansProjects/RentalKendaraan/src/view/TransCarGUI.java</file>
            <file>file:/D:/Users/Documents/NetBeansProjects/RentalKendaraan/src/model/Admin.java</file>
            <file>file:/D:/Users/Documents/NetBeansProjects/RentalKendaraan/src/view/AdminManageTransGUI.java</file>
            <file>file:/D:/Users/Documents/NetBeansProjects/RentalKendaraan/src/view/TopUpCustGUI.java</file>
            <file>file:/D:/Users/Documents/NetBeansProjects/RentalKendaraan/src/view/AdminCRUDCarGUI.java</file>
            <file>file:/D:/Users/Documents/NetBeansProjects/RentalKendaraan/src/view/LoginGUI.java</file>
            <file>file:/D:/Users/Documents/NetBeansProjects/RentalKendaraan/src/model/Kendaraan.java</file>
            <file>file:/D:/Users/Documents/NetBeansProjects/RentalKendaraan/src/controller/LoginController.java</file>
            <file>file:/D:/Users/Documents/NetBeansProjects/RentalKendaraan/src/view/RegisterGUI.java</file>
            <file>file:/D:/Users/Documents/NetBeansProjects/RentalKendaraan/src/view/CustMenuGUI.java</file>
            <file>file:/D:/Users/Documents/NetBeansProjects/RentalKendaraan/src/model/db_rentalKendaraan.java</file>
            <file>file:/D:/Users/Documents/NetBeansProjects/RentalKendaraan/src/model/Customer.java</file>
            <file>file:/D:/Users/Documents/NetBeansProjects/RentalKendaraan/src/model/Transaction.java</file>
            <file>file:/D:/Users/Documents/NetBeansProjects/RentalKendaraan/src/view/AdminMenuGUI.java</file>
            <file>file:/D:/Users/Documents/NetBeansProjects/RentalKendaraan/src/view/TransCustGUI.java</file>
            <file>file:/D:/Users/Documents/NetBeansProjects/RentalKendaraan/src/view/CarCustGUI.java</file>
            <file>file:/D:/Users/Documents/NetBeansProjects/RentalKendaraan/src/model/Pengguna.java</file>
            <file>file:/D:/Users/Documents/NetBeansProjects/RentalKendaraan/src/controller/RentalService.java</file>
        </group>
    </open-files>
</project-private>
